date,raw_total,raw_abn,raw_nt,kept_total,kept_abn,kept_nt
2026-06-01,1571,256,29,1567,256,29
2026-06-02,1572,264,24,1568,264,24
2026-06-03,1574,268,22,1570,267,22
2026-06-04,1576,237,21,1572,236,21
2026-06-05,1576,265,41,1572,265,41
2026-06-06,1571,83,14,1567,83,14
2026-06-07,1573,90,13,1569,90,13
2026-06-08,1590,274,40,1586,273,40
2026-06-09,1596,315,28,1592,314,28
2026-06-10,1595,281,36,1591,280,36
2026-06-11,1597,282,30,1593,281,30
2026-06-12,1597,269,36,1593,268,36
2026-06-13,1588,89,13,1584,89,13
2026-06-14,1594,103,28,1590,103,28
2026-06-15,1608,263,32,1604,263,32
2026-06-16,1609,276,32,1605,276,32
2026-06-17,1606,291,33,1602,290,33
2026-06-18,1607,278,31,1603,278,31
2026-06-19,1610,285,38,1606,285,38
2026-06-20,1592,134,50,1588,134,50
2026-06-21,1601,108,35,1597,108,35
2026-06-22,1621,276,35,1617,275,35
2026-06-23,1624,301,39,1620,300,39
2026-06-24,1626,282,37,1622,281,37
2026-06-25,1629,347,32,1625,347,32
2026-06-26,1628,267,42,1624,266,42
2026-06-27,1620,84,11,1616,84,11
2026-06-28,1624,94,19,1620,94,19
2026-06-29,1639,275,33,1635,274,33
2026-06-30,1641,320,49,1637,319,49
